MatrixSize,Run1_Time,Run2_Time,Run3_Time,Run4_Time,Run5_Time,AverageTime,Run1_CPU,Run2_CPU,Run3_CPU,Run4_CPU,Run5_CPU,AverageCPU,PeakMemoryKB
50,0.000099,0.000088,0.000089,0.000088,0.000087,0.000090,0.000000,0.000000,0.000000,0.000000,0.000000,0.000000,4048
100,0.000833,0.000561,0.000560,0.000564,0.000560,0.000616,0.000000,0.000000,0.000000,0.000000,0.000000,0.000000,4312
500,0.082343,0.082441,0.082906,0.085795,0.083600,0.083417,0.078125,0.078125,0.078125,0.093750,0.078125,0.081250,10288
1024,1.142612,1.187471,1.139933,1.172520,1.142228,1.156953,1.156250,1.187500,1.140625,1.171875,1.140625,1.159375,29680
2000,26.104806,25.866155,26.023476,25.621125,26.849628,26.093038,26.062500,25.843750,25.953125,25.546875,26.734375,26.028125,102536
