MatrixSize,Run1_Time,Run2_Time,Run3_Time,Run4_Time,Run5_Time,AverageTime,Run1_CPU,Run2_CPU,Run3_CPU,Run4_CPU,Run5_CPU,AverageCPU,PeakMemoryKB
50,0.010448,0.010259,0.010783,0.010348,0.010200,0.010408,0.015625,0.000000,0.015625,0.015625,0.000000,0.009375,19544.00
100,0.091794,0.118829,0.097119,0.091493,0.091977,0.098243,0.093750,0.125000,0.093750,0.093750,0.093750,0.100000,20848.00
500,11.512351,11.164437,11.393428,11.415832,11.594704,11.416150,11.515625,11.140625,11.375000,11.406250,11.593750,11.406250,53660.00
1024,123.694415,126.391002,135.618485,127.052997,125.389711,127.629322,123.500000,126.140625,134.968750,126.890625,125.156250,127.331250,153112.00
2000,983.860941,979.577857,974.595467,975.060414,992.376947,981.094325,981.921875,977.671875,972.703125,972.671875,990.281250,979.050000,507888.00
